first_name,last_name,email
Farly,Luxen,fluxen0@csmonitor.com
Elita,Rillatt,erillatt1@walmart.com
Traver,Pyson,tpyson2@huffingtonpost.com
Konstanze,Schorah,kschorah3@taobao.com
Zoe,Roscamps,zroscamps4@loc.gov
Fredrick,Hinstridge,fhinstridge5@walmart.com
June,Van't Hoff,jvanthoff6@aol.com
Paule,Karpmann,pkarpmann7@4shared.com
Pieter,Rolfe,prolfe8@biglobe.ne.jp
Janek,Bladesmith,jbladesmith9@jigsy.com
Winnah,Shilton,wshiltona@usda.gov
Ashly,Doggett,adoggettb@wordpress.org
Fleur,Devigne,fdevignec@quantcast.com
Muire,Fincke,mfincked@twitter.com
Laetitia,Combes,lcombese@flavors.me
Chevy,Dossettor,cdossettorf@tripod.com
Lyndell,Eglese,legleseg@wufoo.com
Carlyn,Staten,cstatenh@marriott.com
Merle,Kelberman,mkelbermani@globo.com
Claresta,Ferrar,cferrarj@hibu.com
Fanechka,Norton,fnortonk@telegraph.co.uk
Dulciana,Heindrich,dheindrichl@smugmug.com
Thekla,Catchpole,tcatchpolem@gizmodo.com
Meir,Dietzler,mdietzlern@about.com
Glen,Maddigan,gmaddigano@hc360.com
Branden,Irvine,birvinep@washingtonpost.com
Kinny,Corneljes,kcorneljesq@hibu.com
Beatrice,Liddington,bliddingtonr@istockphoto.com
Tildi,Humpage,thumpages@cmu.edu
Stanleigh,O'Hickee,sohickeet@senate.gov
Wilfred,Morteo,wmorteou@cyberchimps.com
Liz,Morhall,lmorhallv@webnode.com
Danny,Barkess,dbarkessw@histats.com
Hill,Cristol,hcristolx@bizjournals.com
Harmon,Neicho,hneichoy@joomla.org
Hyacinth,Tuke,htukez@bing.com
Zaria,Cady,zcady10@altervista.org
Camille,Mc Ilory,cmcilory11@dailymail.co.uk
Augusta,Gherardesci,agherardesci12@tumblr.com
Idell,Waldocke,iwaldocke13@google.com.hk
Izak,Bootes,ibootes14@bloglovin.com
Jammie,Bigland,jbigland15@joomla.org
Lilah,Caffery,lcaffery16@plala.or.jp
Rosco,Drescher,rdrescher17@behance.net
Hanan,Ellif,hellif18@wired.com
Stormi,Shera,sshera19@google.it
Vere,Redolfi,vredolfi1a@comsenz.com
Alexandr,Mourgue,amourgue1b@patch.com
Brandyn,Asif,basif1c@google.nl
Abigale,Crossgrove,acrossgrove1d@dot.gov
Kary,Kimpton,kkimpton1e@ovh.net
Luciana,Westcarr,lwestcarr1f@wikispaces.com
Celie,MacDuff,cmacduff1g@creativecommons.org
Alicea,Murch,amurch1h@tuttocitta.it
Davin,Giovannardi,dgiovannardi1i@baidu.com
Hermine,Freund,hfreund1j@lulu.com
Doug,Redon,dredon1k@hexun.com
Rodrique,Beesley,rbeesley1l@rambler.ru
Ted,Rawsen,trawsen1m@desdev.cn
Rodie,Gauford,rgauford1n@netvibes.com
Averyl,Jude,ajude1o@ucla.edu
Justina,Vales,jvales1p@uol.com.br
Vassily,Gavin,vgavin1q@theatlantic.com
Myron,Dolton,mdolton1r@wired.com
George,Daldan,gdaldan1s@addtoany.com
Gertrude,Branthwaite,gbranthwaite1t@mediafire.com
Karl,Corkan,kcorkan1u@webs.com
Otis,Jopp,ojopp1v@slate.com
Freddy,Corsor,fcorsor1w@prlog.org
Stormy,Kevlin,skevlin1x@netlog.com
Rutger,Mattiussi,rmattiussi1y@list-manage.com
Kingston,Linnit,klinnit1z@va.gov
Raynell,Brastead,rbrastead20@devhub.com
Felix,Dwight,fdwight21@51.la
Merrily,McCrae,mmccrae22@histats.com
Rahel,Feasby,rfeasby23@tiny.cc
Davidson,Hubatsch,dhubatsch24@nasa.gov
Mel,Cassley,mcassley25@4shared.com
Cassie,Burwell,cburwell26@newyorker.com
Erl,Roddell,eroddell27@elegantthemes.com
Braden,Moscone,bmoscone28@cbsnews.com
Bride,Goulthorp,bgoulthorp29@huffingtonpost.com
Cynthie,Brettelle,cbrettelle2a@wired.com
Mendel,Cantle,mcantle2b@wiley.com
Susanetta,Maleby,smaleby2c@arizona.edu
Robinet,Bossons,rbossons2d@gmpg.org
Cheslie,Randlesome,crandlesome2e@cnbc.com
Jobyna,Buddles,jbuddles2f@themeforest.net
Muriel,Kings,mkings2g@prnewswire.com
Constancia,Paynton,cpaynton2h@java.com
Rochester,Jedrysik,rjedrysik2i@statcounter.com
Marlo,Bisp,mbisp2j@vkontakte.ru
Minni,Faulconbridge,mfaulconbridge2k@intel.com
Cookie,Keslake,ckeslake2l@1688.com
Shepard,Adamowicz,sadamowicz2m@com.com
Adelind,Benedetti,abenedetti2n@4shared.com
Gerrilee,Pragnall,gpragnall2o@admin.ch
Batholomew,Musto,bmusto2p@vimeo.com
Dominga,Leverentz,dleverentz2q@go.com
Clemence,Ovize,covize2r@bloglovin.com
Mallory,McDirmid,mmcdirmid2s@a8.net
Sasha,Fawthorpe,sfawthorpe2t@woothemes.com
Allie,Taye,ataye2u@mashable.com
Sollie,Impey,simpey2v@bluehost.com
Consuela,Kealy,ckealy2w@un.org
Tammie,Robken,trobken2x@amazon.de
Even,Arias,earias2y@sohu.com
Marcelle,Bainbrigge,mbainbrigge2z@soundcloud.com
Essie,Lacroux,elacroux30@weebly.com
Clair,Laughnan,claughnan31@blogger.com
Brigid,Redd,bredd32@baidu.com
Ted,Bonus,tbonus33@wikia.com
Aguie,Bwy,abwy34@eepurl.com
Sid,Klesse,sklesse35@stanford.edu
Remus,Prescott,rprescott36@opensource.org
Luciano,Trewhela,ltrewhela37@omniture.com
Elka,Todman,etodman38@noaa.gov
Cordula,Nagle,cnagle39@chronoengine.com
Kearney,Tuffley,ktuffley3a@dyndns.org
Ardith,O'Glessane,aoglessane3b@auda.org.au
Griffith,Lindenbluth,glindenbluth3c@marketwatch.com
Kellsie,Kynvin,kkynvin3d@acquirethisname.com
Shelby,Meneyer,smeneyer3e@mac.com
Kally,Cayton,kcayton3f@independent.co.uk
Ronna,Giovanni,rgiovanni3g@networkadvertising.org
Cortney,Valero,cvalero3h@businessinsider.com
Veronike,Gierke,vgierke3i@homestead.com
Morten,Jillitt,mjillitt3j@bloglovin.com
Mariya,Runacres,mrunacres3k@com.com
Stacia,Styant,sstyant3l@deviantart.com
Dana,Van de Castele,dvandecastele3m@rakuten.co.jp
Drugi,Magnar,dmagnar3n@nydailynews.com
Sianna,MacKomb,smackomb3o@homestead.com
Lilla,Pinxton,lpinxton3p@mac.com
Cletis,Ciabatteri,cciabatteri3q@tripod.com
Miquela,Tattam,mtattam3r@twitpic.com
Hermine,Gain,hgain3s@mlb.com
Isaak,Habbes,ihabbes3t@t.co
Merry,Muffen,mmuffen3u@go.com
Kesley,Lilion,klilion3v@vimeo.com
Jane,Reuben,jreuben3w@arstechnica.com
Kerrie,Walsh,kwalsh3x@unc.edu
Ulrika,Castillo,ucastillo3y@go.com
Hanny,Cheetham,hcheetham3z@ucoz.com
Janel,Klambt,jklambt40@patch.com
Bambi,Dougliss,bdougliss41@google.ca
Billi,Lamzed,blamzed42@angelfire.com
Mildrid,Rowlin,mrowlin43@msn.com
Ginny,Polack,gpolack44@diigo.com
Nalani,MacVagh,nmacvagh45@sourceforge.net
Starlene,Shawley,sshawley46@arstechnica.com
Wenona,Pawelski,wpawelski47@latimes.com
Riccardo,Pautot,rpautot48@fastcompany.com
Kathleen,Goacher,kgoacher49@canalblog.com
Erena,McGourty,emcgourty4a@last.fm
Beth,Leverton,bleverton4b@people.com.cn
Vonnie,Bedder,vbedder4c@51.la
Fae,Heynel,fheynel4d@webs.com
Farand,Wainman,fwainman4e@springer.com
Shara,Bryson,sbryson4f@cdc.gov
Luciano,Fathers,lfathers4g@eepurl.com
Mariya,Ellwell,mellwell4h@wired.com
Monti,Ricciardiello,mricciardiello4i@rakuten.co.jp
Jacklin,Rockcliffe,jrockcliffe4j@jimdo.com
Pearl,Knaggs,pknaggs4k@hubpages.com
Zack,Obray,zobray4l@unicef.org
Jenn,Saphir,jsaphir4m@instagram.com
Rhianna,Nevet,rnevet4n@google.com.br
Royal,Paxforde,rpaxforde4o@arstechnica.com
Sara-ann,Chamberlin,schamberlin4p@xing.com
Alaric,Andrews,aandrews4q@homestead.com
Ruggiero,Fennessy,rfennessy4r@columbia.edu
Cort,Boutellier,cboutellier4s@mapy.cz
Goldina,Illingsworth,gillingsworth4t@nifty.com
Serena,Livett,slivett4u@blinklist.com
Albie,Gogan,agogan4v@g.co
Zacherie,Menham,zmenham4w@go.com
Ambur,Morffew,amorffew4x@stanford.edu
Riccardo,Cuddon,rcuddon4y@weather.com
Inglis,Roskeilly,iroskeilly4z@apache.org
Tobias,Waulker,twaulker50@vkontakte.ru
Donaugh,Lygo,dlygo51@1688.com
Fan,Abercromby,fabercromby52@lulu.com
Lonee,Beslier,lbeslier53@macromedia.com
Frederica,Wickham,fwickham54@spiegel.de
Rory,Dyster,rdyster55@istockphoto.com
Elinor,Durram,edurram56@nba.com
Levi,Horley,lhorley57@devhub.com
Sidney,Adame,sadame58@domainmarket.com
Keefer,Daniells,kdaniells59@amazon.co.uk
Stella,Fowell,sfowell5a@irs.gov
Roland,Chidlow,rchidlow5b@examiner.com
Josee,Boeck,jboeck5c@i2i.jp
Edee,Verlander,everlander5d@51.la
Brigit,Balf,bbalf5e@rambler.ru
Marwin,Bellhanger,mbellhanger5f@springer.com
Zandra,Idale,zidale5g@squidoo.com
Con,Harken,charken5h@geocities.com
Tripp,Culpin,tculpin5i@mac.com
Jeramie,Yorston,jyorston5j@blinklist.com
Panchito,Varvell,pvarvell5k@list-manage.com
Sky,Lies,slies5l@ft.com
Harcourt,Harrod,hharrod5m@statcounter.com
Nicol,Reinmar,nreinmar5n@baidu.com
Dara,Blunn,dblunn5o@upenn.edu
Joaquin,Aynscombe,jaynscombe5p@free.fr
Holli,Petlyura,hpetlyura5q@artisteer.com
Kendell,Fortescue,kfortescue5r@mit.edu
Rozalie,Spennock,rspennock5s@free.fr
Jenelle,Karpman,jkarpman5t@yelp.com
Tammie,O'Duane,toduane5u@theglobeandmail.com
Ashlin,Pennycord,apennycord5v@moonfruit.com
Bay,Landells,blandells5w@vimeo.com
Dorie,Stucke,dstucke5x@51.la
Devin,Sever,dsever5y@cam.ac.uk
Wren,Faley,wfaley5z@mlb.com
Shelly,Mc Meekan,smcmeekan60@acquirethisname.com
Herminia,Cowing,hcowing61@auda.org.au
Cherise,Eckley,ceckley62@thetimes.co.uk
Jessamyn,Peachment,jpeachment63@cyberchimps.com
Idell,Lamasna,ilamasna64@fda.gov
Tessy,Wakely,twakely65@nbcnews.com
Abbye,Pomfret,apomfret66@archive.org
Glendon,Kleeborn,gkleeborn67@dailymail.co.uk
Georgeanna,De Vile,gdevile68@about.com
Clara,Klyn,cklyn69@merriam-webster.com
Sergio,Houlworth,shoulworth6a@latimes.com
Martainn,Cuskery,mcuskery6b@godaddy.com
Leelah,Cluckie,lcluckie6c@marketwatch.com
Margalit,Hansell,mhansell6d@engadget.com
Tabatha,Wicken,twicken6e@t-online.de
Jeffrey,Hassard,jhassard6f@intel.com
Earl,Heddan,eheddan6g@newsvine.com
Frannie,Vina,fvina6h@blogger.com
Mohammed,Breston,mbreston6i@w3.org
Abran,Gibling,agibling6j@wikipedia.org
Alverta,Mount,amount6k@ameblo.jp
Merry,Pringley,mpringley6l@dell.com
Geraldine,Drake,gdrake6m@japanpost.jp
Jacklin,Savil,jsavil6n@google.com.au
Peadar,Ablett,pablett6o@thetimes.co.uk
Godfrey,Bullion,gbullion6p@dailymail.co.uk
Joanna,Setford,jsetford6q@ustream.tv
Fonsie,Rohlf,frohlf6r@tmall.com
Vernice,Lefwich,vlefwich6s@networksolutions.com
Cherry,Dellatorre,cdellatorre6t@telegraph.co.uk
Vinnie,Baskerfield,vbaskerfield6u@macromedia.com
Ryley,Pyrah,rpyrah6v@live.com
Cordy,Crossland,ccrossland6w@amazonaws.com
Dulcea,Libero,dlibero6x@epa.gov
Cris,Croote,ccroote6y@nasa.gov
Baryram,Spillane,bspillane6z@skyrock.com
Lucy,Kesley,lkesley70@jiathis.com
Heida,Rouzet,hrouzet71@networksolutions.com
Del,Waterson,dwaterson72@studiopress.com
Marion,Toyne,mtoyne73@mail.ru
Ethelyn,Marris,emarris74@baidu.com
Burty,Thandi,bthandi75@creativecommons.org
Noah,Fawthrop,nfawthrop76@is.gd
Kaiser,Clapson,kclapson77@reuters.com
Base,Scoon,bscoon78@desdev.cn
Carlie,Brahmer,cbrahmer79@chron.com
Wylie,Latore,wlatore7a@over-blog.com
Davie,Feek,dfeek7b@delicious.com
Iolande,Sharp,isharp7c@census.gov
Hyatt,Handyside,hhandyside7d@1und1.de
Annabel,Leeds,aleeds7e@yellowpages.com
Atlanta,Clail,aclail7f@yolasite.com
Cinderella,Briamo,cbriamo7g@si.edu
Matthiew,Earley,mearley7h@ox.ac.uk
Fanya,Shardlow,fshardlow7i@jalbum.net
Marleen,Ormistone,mormistone7j@wordpress.org
Brewer,Livard,blivard7k@zimbio.com
Ashley,Skokoe,askokoe7l@mysql.com
Brietta,Bruggen,bbruggen7m@digg.com
Jania,Common,jcommon7n@dropbox.com
Laurence,Beaconsall,lbeaconsall7o@sbwire.com
Ulric,Willsmore,uwillsmore7p@mayoclinic.com
Benedikta,Hubbert,bhubbert7q@fema.gov
Agace,Duncanson,aduncanson7r@barnesandnoble.com
Yorker,Weerdenburg,yweerdenburg7s@google.ca
Rosalynd,Larkby,rlarkby7t@unblog.fr
Hatty,Clausewitz,hclausewitz7u@simplemachines.org
Nicolai,Cormack,ncormack7v@ocn.ne.jp
Clayson,Livermore,clivermore7w@amazonaws.com
Adriena,Sellar,asellar7x@google.it
Colman,Faulks,cfaulks7y@home.pl
Inigo,Croker,icroker7z@gizmodo.com
Elisha,Heninghem,eheninghem80@vk.com
Quintina,Macconaghy,qmacconaghy81@twitter.com
Roxine,Avramow,ravramow82@nbcnews.com
Cirillo,Ockwell,cockwell83@nps.gov
Sloan,Tantum,stantum84@cnbc.com
Dev,Barnewall,dbarnewall85@bbb.org
Cece,Sherme,csherme86@techcrunch.com
Lora,Snook,lsnook87@myspace.com
Oren,Alliot,oalliot88@wordpress.com
Joseito,Voysey,jvoysey89@ask.com
Ula,Ales,uales8a@google.nl
Gus,Skiplorne,gskiplorne8b@t-online.de
Greggory,Flaws,gflaws8c@pinterest.com
Belicia,Martina,bmartina8d@macromedia.com
Eileen,Carnelley,ecarnelley8e@nps.gov
Ade,De Morena,ademorena8f@netlog.com
Pincas,Huard,phuard8g@mashable.com
Bruce,Wimmer,bwimmer8h@gnu.org
Antonius,Carnier,acarnier8i@weibo.com
Alfy,Churchlow,achurchlow8j@google.com.br
Foss,Rushmare,frushmare8k@ameblo.jp
Britteny,Oake,boake8l@disqus.com
Beverlie,Tomasoni,btomasoni8m@state.tx.us
Faulkner,Eagling,feagling8n@ifeng.com
Neely,Greenstock,ngreenstock8o@yale.edu
Fleur,Youtead,fyoutead8p@thetimes.co.uk
Reilly,Dizlie,rdizlie8q@walmart.com
Cal,Nazareth,cnazareth8r@mayoclinic.com
Hanni,Caillou,hcaillou8s@japanpost.jp
Royal,Ashcroft,rashcroft8t@nymag.com
Nancey,Dilke,ndilke8u@hud.gov
Kyrstin,Bricknall,kbricknall8v@irs.gov
Valry,Limerick,vlimerick8w@thetimes.co.uk
Lynnette,Toke,ltoke8x@netlog.com
Claudianus,Shipcott,cshipcott8y@1und1.de
Winn,Stuttman,wstuttman8z@who.int
Cindi,Brok,cbrok90@weebly.com
Marion,Anear,manear91@macromedia.com
Cynthea,Olney,colney92@list-manage.com
Wendie,Camidge,wcamidge93@tinyurl.com
Dorotea,Lefever,dlefever94@blogtalkradio.com
Kasper,Willimont,kwillimont95@un.org
Herbert,Brear,hbrear96@indiegogo.com
Maritsa,Humm,mhumm97@deliciousdays.com
Clywd,Daintry,cdaintry98@whitehouse.gov
Yank,Trelevan,ytrelevan99@joomla.org
Kenny,Copo,kcopo9a@dailymail.co.uk
Bettine,Bofield,bbofield9b@go.com
Fredrika,Hartfleet,fhartfleet9c@sitemeter.com
Fredric,Wenzel,fwenzel9d@microsoft.com
Scottie,Baud,sbaud9e@amazon.de
Almira,Alenichev,aalenichev9f@apache.org
Sonnnie,Bakhrushin,sbakhrushin9g@webeden.co.uk
Artemas,MacCheyne,amaccheyne9h@seattletimes.com
Luz,Gladman,lgladman9i@theatlantic.com
Lanni,Seton,lseton9j@answers.com
Harmon,Cattermoul,hcattermoul9k@cisco.com
Lorita,Siemens,lsiemens9l@cargocollective.com
Polly,Hackleton,phackleton9m@cyberchimps.com
Mair,Liddard,mliddard9n@imgur.com
Nathalia,Avey,navey9o@netlog.com
Petrina,Easterbrook,peasterbrook9p@comsenz.com
Sharona,Bellhouse,sbellhouse9q@example.com
Seward,Ghent,sghent9r@godaddy.com
Irita,Gajewski,igajewski9s@timesonline.co.uk
Emmeline,Norewood,enorewood9t@surveymonkey.com
Janis,Tawse,jtawse9u@php.net
Uriel,Markel,umarkel9v@digg.com
Marnia,Fatkin,mfatkin9w@pbs.org
Celie,O'Longain,colongain9x@kickstarter.com
Jerald,Cardenosa,jcardenosa9y@netscape.com
Shari,Popelay,spopelay9z@europa.eu
Sapphira,Knudsen,sknudsena0@weather.com
Dania,Canada,dcanadaa1@spotify.com
Tabatha,Lyddyard,tlyddyarda2@godaddy.com
Laurene,Sleite,lsleitea3@illinois.edu
Natal,Macartney,nmacartneya4@myspace.com
Marcel,Choat,mchoata5@wiley.com
Mohammed,Boggers,mboggersa6@dion.ne.jp
Talya,Denniss,tdennissa7@ustream.tv
Nate,Grinyov,ngrinyova8@boston.com
Edlin,Mackiewicz,emackiewicza9@usnews.com
Kat,Melhuish,kmelhuishaa@nps.gov
Nessy,Sallenger,nsallengerab@nationalgeographic.com
Nadine,Petersen,npetersenac@walmart.com
Cathe,Agent,cagentad@pen.io
Minna,Maron,mmaronae@statcounter.com
Haskel,Duligal,hduligalaf@addthis.com
Kennan,Scherme,kschermeag@discuz.net
Timofei,Everingham,teveringhamah@123-reg.co.uk
Angy,Keyhoe,akeyhoeai@domainmarket.com
Casandra,Westgate,cwestgateaj@blogspot.com
Kerrill,MacDermid,kmacdermidak@netlog.com
Spencer,Titchen,stitchenal@si.edu
Quentin,Gethyn,qgethynam@istockphoto.com
Griselda,Assender,gassenderan@sbwire.com
Tirrell,Benedettini,tbenedettiniao@wordpress.org
Ashlan,McIlwrick,amcilwrickap@dagondesign.com
Teador,Gaylard,tgaylardaq@ted.com
Cassaundra,Boow,cboowar@about.me
Camille,Bravery,cbraveryas@cdbaby.com
Opalina,Carlisso,ocarlissoat@ftc.gov
Regine,Attfield,rattfieldau@gravatar.com
Boote,Tracey,btraceyav@bravesites.com
Karrah,Jackalin,kjackalinaw@yelp.com
Courtnay,Pantone,cpantoneax@si.edu
Gennifer,Everill,geverillay@paginegialle.it
Ranee,Thorsen,rthorsenaz@imgur.com
Winne,Dunbobbin,wdunbobbinb0@wsj.com
Ellen,Butting,ebuttingb1@state.gov
Donny,Stouther,dstoutherb2@wikia.com
Griz,Lipyeat,glipyeatb3@friendfeed.com
Marcel,Stanhope,mstanhopeb4@nytimes.com
Codie,Roose,crooseb5@furl.net
Aubry,Miskin,amiskinb6@histats.com
Ema,Capnor,ecapnorb7@dailymail.co.uk
Britta,Mewes,bmewesb8@dropbox.com
Dermot,Linge,dlingeb9@gnu.org
Lisle,Addicote,laddicoteba@sphinn.com
Josi,Edington,jedingtonbb@examiner.com
Trisha,Trorey,ttroreybc@feedburner.com
Brent,Puig,bpuigbd@cnbc.com
Estevan,Huggard,ehuggardbe@state.tx.us
Isaac,Glassopp,iglassoppbf@irs.gov
Calv,Rustidge,crustidgebg@cornell.edu
Charley,Hinstock,chinstockbh@4shared.com
Idalina,Arkcoll,iarkcollbi@globo.com
Dottie,Abbatini,dabbatinibj@nhs.uk
Emelita,Palethorpe,epalethorpebk@studiopress.com
Glynnis,Dominetti,gdominettibl@gravatar.com
Abe,Hoff,ahoffbm@blogger.com
Salmon,Scotter,sscotterbn@quantcast.com
Tammi,Rase,trasebo@barnesandnoble.com
Merrill,Macer,mmacerbp@privacy.gov.au
Liva,Busst,lbusstbq@va.gov
Robbie,Lodo,rlodobr@tiny.cc
Fara,Kerwen,fkerwenbs@blogs.com
Clem,Kohler,ckohlerbt@i2i.jp
Donaugh,Loving,dlovingbu@scientificamerican.com
Easter,Ledamun,eledamunbv@woothemes.com
Misty,Rodd,mroddbw@mediafire.com
Arlen,Schohier,aschohierbx@theglobeandmail.com
Rabi,Ondrasek,rondrasekby@paypal.com
Cordell,Trewartha,ctrewarthabz@csmonitor.com
Conn,Jaher,cjaherc0@unc.edu
Martino,MacCarlich,mmaccarlichc1@bloglines.com
Cornelia,Lossman,clossmanc2@cam.ac.uk
Ashly,Nassy,anassyc3@sogou.com
Kalvin,Askwith,kaskwithc4@senate.gov
Jemie,Dunsford,jdunsfordc5@zdnet.com
Hadleigh,Rogerson,hrogersonc6@google.es
Sergio,Wiffler,swifflerc7@reddit.com
Lauralee,Muirden,lmuirdenc8@diigo.com
Stirling,Cadell,scadellc9@cmu.edu
Jamal,Ferronel,jferronelca@unesco.org
Ambrosi,Tuddenham,atuddenhamcb@examiner.com
Keenan,Arnely,karnelycc@dell.com
Domingo,Obee,dobeecd@sitemeter.com
Clio,Wastell,cwastellce@yahoo.co.jp
Felic,Whittington,fwhittingtoncf@last.fm
Buckie,Doulden,bdouldencg@unicef.org
Hunt,Keese,hkeesech@bbb.org
Bernette,Mancktelow,bmancktelowci@ftc.gov
Pansie,Readie,preadiecj@epa.gov
Theda,Martill,tmartillck@paginegialle.it
Ingram,Bryers,ibryerscl@sfgate.com
Monique,Prestedge,mprestedgecm@skyrock.com
Elyse,Iwanczyk,eiwanczykcn@sbwire.com
Terrijo,Hemeret,themeretco@unblog.fr
Jemmie,Taft,jtaftcp@china.com.cn
Lorianna,Cossington,lcossingtoncq@arizona.edu
Teddie,Baggett,tbaggettcr@cdc.gov
Brunhilda,Zorzi,bzorzics@mozilla.com
Davy,Washbrook,dwashbrookct@nasa.gov
Olly,Roubottom,oroubottomcu@google.es
Doralynne,Thorlby,dthorlbycv@irs.gov
Victoria,Popworth,vpopworthcw@instagram.com
Natka,Antonias,nantoniascx@theglobeandmail.com
Kipp,Prestner,kprestnercy@delicious.com
Dannel,Knappett,dknappettcz@cyberchimps.com
Amandy,Fulle,afulled0@com.com
Moises,Suddards,msuddardsd1@redcross.org
Sharai,Durgan,sdurgand2@elpais.com
Mame,Whittlesee,mwhittleseed3@xrea.com
Halsy,De Vere,hdevered4@google.co.uk
Cece,Poe,cpoed5@imgur.com
Arleen,Vila,avilad6@mozilla.org
Letisha,Cumberpatch,lcumberpatchd7@woothemes.com
Sherrie,Manus,smanusd8@nsw.gov.au
Jaine,Scrimgeour,jscrimgeourd9@buzzfeed.com
Jephthah,Harrie,jharrieda@gizmodo.com
Kellsie,McCurt,kmccurtdb@europa.eu
Michelina,Gillions,mgillionsdc@ning.com
Bryon,Kasher,bkasherdd@lycos.com
Ari,Nutten,anuttende@blog.com
Lilias,Dominy,ldominydf@shinystat.com
Talyah,Antonomolii,tantonomoliidg@yellowbook.com
Vivyan,Brecon,vbrecondh@etsy.com
Juan,Vauter,jvauterdi@godaddy.com
Leonid,Darracott,ldarracottdj@soup.io
Gussi,Paffitt,gpaffittdk@scribd.com
Adolphus,Leonards,aleonardsdl@live.com
Ivie,Purcer,ipurcerdm@dion.ne.jp
Cassandry,Moysey,cmoyseydn@jugem.jp
Franzen,Scourgie,fscourgiedo@free.fr
Thane,Yashunin,tyashunindp@bbc.co.uk
Giacobo,Paul,gpauldq@wisc.edu
Willie,Petroff,wpetroffdr@cdc.gov
Ephrem,Werlock,ewerlockds@craigslist.org
Patton,Yewdall,pyewdalldt@netlog.com
Zack,Ferrarini,zferrarinidu@nih.gov
Valaree,Ludlow,vludlowdv@yale.edu
Sianna,Isaacs,sisaacsdw@theatlantic.com
Gordy,Poxson,gpoxsondx@wordpress.org
Felice,Whoolehan,fwhoolehandy@theatlantic.com
Jeffrey,Ackers,jackersdz@techcrunch.com
Emanuel,Sevitt,esevitte0@bbc.co.uk
Donnamarie,Lamond,dlamonde1@reverbnation.com
Brittany,Hilland,bhillande2@histats.com
Nancie,Baudinet,nbaudinete3@ask.com
Zola,Kingsland,zkingslande4@instagram.com
Bowie,Ollerton,bollertone5@phoca.cz
Sascha,Andrusov,sandrusove6@geocities.jp
Northrup,Jouen,njouene7@nsw.gov.au
Colet,Sodor,csodore8@blog.com
Sheila-kathryn,Viccary,sviccarye9@gov.uk
Ervin,Boyington,eboyingtonea@icq.com
Caro,Pomery,cpomeryeb@springer.com
Candice,Bollini,cbolliniec@ning.com
Jacobo,Twiddell,jtwiddelled@imageshack.us
Selle,Shee,ssheeee@amazon.de
Abby,Earland,aearlandef@moonfruit.com
Darsie,Ruslin,druslineg@meetup.com
Rita,Astlatt,rastlatteh@techcrunch.com
Jess,Ruppertz,jruppertzei@skype.com
Swen,Bixley,sbixleyej@apache.org
Daryl,Bartlomiejczyk,dbartlomiejczykek@free.fr
Hobey,Claris,hclarisel@yellowbook.com
Marsiella,Gavigan,mgaviganem@yellowpages.com
Gauthier,Pringell,gpringellen@nasa.gov
Maureen,Wilkes,mwilkeseo@fda.gov
Sully,Thomlinson,sthomlinsonep@xing.com
Claudie,Lloyd,clloydeq@lycos.com
Westley,Pethybridge,wpethybridgeer@ucoz.com
Benton,Innocent,binnocentes@sbwire.com
Rowe,Warlock,rwarlocket@goo.gl
Lynn,Laurentin,llaurentineu@imgur.com
Winfield,Russam,wrussamev@wiley.com
Ruby,Hugle,rhugleew@t-online.de
Suzy,Parfitt,sparfittex@networkadvertising.org
Arvin,Ward,awardey@rakuten.co.jp
Theresina,Goodrich,tgoodrichez@vkontakte.ru
Haskell,Maple,hmaplef0@fotki.com
Javier,Eskriet,jeskrietf1@ucsd.edu
Glenn,Letterese,gletteresef2@ihg.com
Olvan,Castanos,ocastanosf3@un.org
Schuyler,Leechman,sleechmanf4@g.co
Gilberte,Perillo,gperillof5@opensource.org
Jemima,Dewfall,jdewfallf6@macromedia.com
Bianca,Dossantos,bdossantosf7@elpais.com
Rhodia,Salzburg,rsalzburgf8@canalblog.com
Ginger,Benedikt,gbenediktf9@acquirethisname.com
Annabell,Ogger,aoggerfa@wp.com
Gwendolen,Gowans,ggowansfb@pbs.org
Berna,Theurer,btheurerfc@harvard.edu
Darby,Serman,dsermanfd@hubpages.com
Malanie,MacIntosh,mmacintoshfe@opera.com
Theodor,Crean,tcreanff@vk.com
Tracey,Klaussen,tklaussenfg@typepad.com
Ettie,Kliemchen,ekliemchenfh@ucoz.com
Jewelle,Gisbey,jgisbeyfi@nyu.edu
Read,Sare,rsarefj@tmall.com
Patrick,Torns,ptornsfk@java.com
Gertie,Glandfield,gglandfieldfl@java.com
Caesar,Train,ctrainfm@cnet.com
Adriana,Jankiewicz,ajankiewiczfn@canalblog.com
Gillan,Speerman,gspeermanfo@virginia.edu
Letta,Soame,lsoamefp@craigslist.org
Waly,Fosh,wfoshfq@example.com
Omar,Giddy,ogiddyfr@nhs.uk
Adeline,Lindenberg,alindenbergfs@businessweek.com
Pegeen,Prior,ppriorft@zdnet.com
Wain,Lyles,wlylesfu@mapy.cz
Angelica,Haken,ahakenfv@tumblr.com
Eveleen,Bridewell,ebridewellfw@scientificamerican.com
Hercules,Glowacki,hglowackifx@163.com
Andy,todor,atodorfy@pcworld.com
Grata,Burgon,gburgonfz@dailymail.co.uk
Michel,Ewart,mewartg0@hibu.com
Correy,Heaffey,cheaffeyg1@tripod.com
Blisse,Primo,bprimog2@ihg.com
Magdalene,Christauffour,mchristauffourg3@dyndns.org
Kayle,Rudinger,krudingerg4@photobucket.com
Reinaldo,Bryant,rbryantg5@gmpg.org
Danya,Goff,dgoffg6@cam.ac.uk
Gaynor,Willoughby,gwilloughbyg7@nasa.gov
Teresita,Mirams,tmiramsg8@tmall.com
Annalise,Chivers,achiversg9@webs.com
Humfrey,Tabert,htabertga@jiathis.com
Winny,Nasey,wnaseygb@amazon.co.uk
Godfry,Warton,gwartongc@posterous.com
Richardo,Cockhill,rcockhillgd@cloudflare.com
Tobin,Khidr,tkhidrge@webs.com
Jephthah,Marlin,jmarlingf@blogspot.com
Ryon,Wilse,rwilsegg@linkedin.com
Stella,Binfield,sbinfieldgh@arizona.edu
Merlina,Dawdary,mdawdarygi@ca.gov
Winifield,Rubartelli,wrubartelligj@cnbc.com
Conny,Drohun,cdrohungk@nydailynews.com
Ilse,Bolley,ibolleygl@blinklist.com
Sherlock,Biggans,sbiggansgm@shutterfly.com
Errick,Coltman,ecoltmangn@shareasale.com
Hagen,Perry,hperrygo@netlog.com
Miguel,Bradlaugh,mbradlaughgp@nih.gov
Marsha,Klassman,mklassmangq@usgs.gov
Jemmy,Demer,jdemergr@gmpg.org
Robbyn,Eustanch,reustanchgs@taobao.com
Wilhelmina,Puddifer,wpuddifergt@umn.edu
Gardner,Caw,gcawgu@si.edu
Anabel,Fearon,afearongv@indiatimes.com
Pat,Rowler,prowlergw@ycombinator.com
Harlie,Josefs,hjosefsgx@smugmug.com
Verna,Stitwell,vstitwellgy@behance.net
Deedee,Babbe,dbabbegz@tripadvisor.com
Huberto,Pitcock,hpitcockh0@vkontakte.ru
Land,Kinnon,lkinnonh1@cnn.com
Caz,Tunny,ctunnyh2@blog.com
Justinn,Abramowitch,jabramowitchh3@alexa.com
Milo,Cristofanini,mcristofaninih4@liveinternet.ru
Wilt,Steinor,wsteinorh5@prnewswire.com
Cari,Mudge,cmudgeh6@hud.gov
Regan,Steuhlmeyer,rsteuhlmeyerh7@va.gov
Jamal,Conrard,jconrardh8@angelfire.com
Aldo,Denney,adenneyh9@skyrock.com
Tate,Janek,tjanekha@topsy.com
Milty,Aronsohn,maronsohnhb@cbslocal.com
Drew,Dykas,ddykashc@ca.gov
Julita,Di Franceschi,jdifranceschihd@moonfruit.com
Lise,Scothorn,lscothornhe@tamu.edu
Neale,Speaks,nspeakshf@simplemachines.org
Wilmette,Titchmarsh,wtitchmarshhg@drupal.org
Devonna,Barrowcliffe,dbarrowcliffehh@yelp.com
Madella,Simonini,msimoninihi@wired.com
Aviva,Road,aroadhj@rediff.com
Silvie,Gilardone,sgilardonehk@opera.com
Olivette,de Merida,odemeridahl@slashdot.org
Foss,Beale,fbealehm@chron.com
Luigi,Chippindale,lchippindalehn@cargocollective.com
Babette,Martugin,bmartuginho@addtoany.com
Morganica,Cosby,mcosbyhp@google.it
Mariska,Orrocks,morrockshq@nationalgeographic.com
Patsy,Dubber,pdubberhr@uol.com.br
West,Larmett,wlarmetths@dagondesign.com
Innis,Whickman,iwhickmanht@chicagotribune.com
Betty,Ruckhard,bruckhardhu@whitehouse.gov
Myrle,Doucette,mdoucettehv@tuttocitta.it
Philis,Samber,psamberhw@apache.org
Martainn,Glazer,mglazerhx@amazon.com
Nowell,Peterkin,npeterkinhy@ebay.com
Florie,MacIlwrick,fmacilwrickhz@cdbaby.com
Cassandra,Mains,cmainsi0@apple.com
Douglas,Woodard,dwoodardi1@storify.com
Cheslie,Blore,cblorei2@smh.com.au
Cati,Lynd,clyndi3@house.gov
Heriberto,Hecks,hhecksi4@people.com.cn
Alisander,Ewbach,aewbachi5@alibaba.com
Mariquilla,Mellon,mmelloni6@hhs.gov
Isahella,Morgan,imorgani7@unesco.org
Karoly,Colbourne,kcolbournei8@fastcompany.com
Fredelia,Kop,fkopi9@shutterfly.com
Ediva,Saunier,esaunieria@sciencedirect.com
Kelvin,Tolley,ktolleyib@parallels.com
Madelena,Teodoro,mteodoroic@abc.net.au
Trevar,Falconer,tfalconerid@amazon.com
Brewer,Adrianello,badrianelloie@va.gov
Elsy,Brea,ebreaif@github.com
Henrie,Chetwynd,hchetwyndig@moonfruit.com
Thurstan,Guidi,tguidiih@diigo.com
Stu,Canfield,scanfieldii@nymag.com
Tiler,McKelvie,tmckelvieij@vimeo.com
Alfreda,Beaufoy,abeaufoyik@wufoo.com
Tremaine,Wornum,twornumil@cmu.edu
Theresa,Bargery,tbargeryim@arstechnica.com
Fernanda,Paulillo,fpaulilloin@ibm.com
Margaux,Simyson,msimysonio@wsj.com
Lucais,McMichael,lmcmichaelip@epa.gov
Andy,Basley,abasleyiq@taobao.com
Hilary,Baroux,hbarouxir@gmpg.org
Essa,Dochon,edochonis@adobe.com
Robyn,Haw,rhawit@storify.com
Dylan,Chotty,dchottyiu@amazon.com
Nikola,McNally,nmcnallyiv@newyorker.com
Brunhilda,Carrier,bcarrieriw@barnesandnoble.com
Willey,Adamov,wadamovix@umn.edu
Janeen,Sparry,jsparryiy@4shared.com
Bob,Ruprecht,bruprechtiz@rambler.ru
Marena,Coole,mcoolej0@google.ru
Brodie,Goggin,bgogginj1@tinyurl.com
Wendel,Glanvill,wglanvillj2@bigcartel.com
Melodie,Sheridan,msheridanj3@live.com
Ronda,Muzzollo,rmuzzolloj4@ucsd.edu
Averell,Bliss,ablissj5@desdev.cn
Elenore,Steenson,esteensonj6@myspace.com
Linc,Wootton,lwoottonj7@elpais.com
Aldrich,Tarren,atarrenj8@github.io
Luther,Albone,lalbonej9@foxnews.com
Jennica,MacCawley,jmaccawleyja@apple.com
Barclay,Bluschke,bbluschkejb@omniture.com
Blithe,Scrivenor,bscrivenorjc@weather.com
Chandra,Lakenton,clakentonjd@zimbio.com
Hazel,Hadlee,hhadleeje@dailymotion.com
Hieronymus,Cherrett,hcherrettjf@omniture.com
Ermentrude,Helliar,ehelliarjg@oakley.com
Elijah,Riolfo,eriolfojh@ihg.com
Gwendolyn,Saltern,gsalternji@mit.edu
Jaime,Kettleson,jkettlesonjj@rediff.com
Reggy,Standley,rstandleyjk@ed.gov
Leyla,Knight,lknightjl@networksolutions.com
Ted,Sharram,tsharramjm@trellian.com
Dollie,Tarbath,dtarbathjn@fema.gov
Adelaida,Binnes,abinnesjo@edublogs.org
Wilhelmina,Fairall,wfairalljp@bloomberg.com
Charmain,Munro,cmunrojq@reuters.com
Codi,Miche,cmichejr@123-reg.co.uk
Katy,Freddi,kfreddijs@webs.com
Raeann,Jaffray,rjaffrayjt@illinois.edu
Alvy,Plumptre,aplumptreju@tinyurl.com
Hedvige,Palomba,hpalombajv@vimeo.com
Hildagard,Archell,harchelljw@google.co.jp
Shirlee,Joncic,sjoncicjx@newsvine.com
Moses,Enderwick,menderwickjy@va.gov
Wyndham,Fleay,wfleayjz@pen.io
Klarika,Matis,kmatisk0@yellowpages.com
Norean,Greenhalgh,ngreenhalghk1@irs.gov
Ethan,Baish,ebaishk2@bizjournals.com
Mercy,Hargerie,mhargeriek3@noaa.gov
Phyllis,Schachter,pschachterk4@canalblog.com
Godfrey,Cheek,gcheekk5@issuu.com
Teresa,Alleburton,talleburtonk6@china.com.cn
Morganne,Measures,mmeasuresk7@msu.edu
Larina,Edridge,ledridgek8@businessinsider.com
Ephrem,Pellamonuten,epellamonutenk9@springer.com
Gale,Elcott,gelcottka@google.pl
Charlotte,Beaton,cbeatonkb@cnbc.com
Henri,Cabel,hcabelkc@bluehost.com
Abram,Ellerey,aellereykd@nifty.com
Lisa,Mcall,lmcallke@reference.com
Pasquale,Cayzer,pcayzerkf@virginia.edu
Netty,Feaver,nfeaverkg@china.com.cn
Jere,Vaux,jvauxkh@bbc.co.uk
Alida,Yakovliv,ayakovlivki@theglobeandmail.com
Chrotoem,Larive,clarivekj@posterous.com
Dorri,Jakes,djakeskk@wikia.com
Maighdiln,Farbrace,mfarbracekl@photobucket.com
Menard,Tresler,mtreslerkm@ftc.gov
Sydney,Waldock,swaldockkn@yolasite.com
Allison,Need,aneedko@pinterest.com
Casar,McPhillimey,cmcphillimeykp@vinaora.com
My,Miner,mminerkq@google.nl
Charisse,Crammy,ccrammykr@cbsnews.com
Sonni,Clendinning,sclendinningks@wikispaces.com
Josee,Done,jdonekt@go.com
Obediah,Donaldson,odonaldsonku@vkontakte.ru
Teodorico,Kinneir,tkinneirkv@a8.net
Cindie,Rapaport,crapaportkw@behance.net
Amalee,Lieb,aliebkx@buzzfeed.com
Abbey,Reichelt,areicheltky@blogs.com
Remy,Verbrugge,rverbruggekz@thetimes.co.uk
Aluin,Rosenfrucht,arosenfruchtl0@patch.com
Gawain,Welling,gwellingl1@tinypic.com
Jeffry,Ainscow,jainscowl2@marriott.com
Daryle,Waber,dwaberl3@zimbio.com
Filide,Little,flittlel4@tmall.com
Sasha,Tuffs,stuffsl5@bing.com
Blinnie,Kembrey,bkembreyl6@ftc.gov
Kyle,Vanini,kvaninil7@ebay.co.uk
Orrin,Temple,otemplel8@feedburner.com
Linn,Hosier,lhosierl9@telegraph.co.uk
Margette,Hackley,mhackleyla@w3.org
Sidonia,Bowe,sbowelb@bloomberg.com
Bartlett,Blackey,bblackeylc@oracle.com
Dill,Adkin,dadkinld@friendfeed.com
Sidnee,Mechic,smechicle@marriott.com
Jacquenette,Signorelli,jsignorellilf@furl.net
Cassandra,Scowcraft,cscowcraftlg@google.co.jp
Benoite,Robinette,brobinettelh@nyu.edu
Germana,Pheazey,gpheazeyli@cbsnews.com
Shawna,Stork,sstorklj@mit.edu
Massimiliano,Greatrex,mgreatrexlk@histats.com
Karia,Shipman,kshipmanll@oakley.com
Frans,Gauld,fgauldlm@trellian.com
Clem,Hurren,churrenln@skype.com
Loren,Finlan,lfinlanlo@geocities.jp
Alvina,Fike,afikelp@dagondesign.com
Pietro,Julian,pjulianlq@java.com
Aimil,Rennock,arennocklr@disqus.com
Mordy,Piola,mpiolals@tmall.com
Borg,Atkyns,batkynslt@youtu.be
Sheppard,Quaintance,squaintancelu@goodreads.com
Abagael,Wallbutton,awallbuttonlv@economist.com
Roselia,Wase,rwaselw@gizmodo.com
Jordain,Scamel,jscamellx@adobe.com
Winnah,Triggs,wtriggsly@umn.edu
Basilius,Bartoli,bbartolilz@prweb.com
Michel,Klimochkin,mklimochkinm0@reference.com
Pavla,Groundwater,pgroundwaterm1@parallels.com
Pet,Gillmore,pgillmorem2@list-manage.com
Pierre,Cosley,pcosleym3@nhs.uk
Kerrill,Romans,kromansm4@yellowpages.com
Marrissa,Harsnep,mharsnepm5@cbslocal.com
Cari,Fawckner,cfawcknerm6@hugedomains.com
Klarrisa,Sebastian,ksebastianm7@scribd.com
Janean,Cammocke,jcammockem8@springer.com
Cirstoforo,Badder,cbadderm9@naver.com
Yank,Brummitt,ybrummittma@bizjournals.com
Merle,Renton,mrentonmb@constantcontact.com
Aurelie,Wolfendale,awolfendalemc@blinklist.com
Alvis,Mariet,amarietmd@dropbox.com
Shaylynn,Tidmas,stidmasme@ox.ac.uk
Quintus,Mundell,qmundellmf@geocities.jp
Brod,Khalid,bkhalidmg@latimes.com
Crysta,Jansson,cjanssonmh@walmart.com
Durante,Leamon,dleamonmi@scribd.com
Stella,Bertomeu,sbertomeumj@i2i.jp
Annetta,Lyard,alyardmk@google.com.hk
Hetty,Jakes,hjakesml@usda.gov
Derron,Warr,dwarrmm@t-online.de
Alejandra,Scothern,ascothernmn@dmoz.org
Tabbatha,Gooly,tgoolymo@blogger.com
Gerri,Satterthwaite,gsatterthwaitemp@ow.ly
De,Klimowicz,dklimowiczmq@spotify.com
Haskel,Sollam,hsollammr@boston.com
Ignazio,Bezemer,ibezemerms@livejournal.com
Adelaide,Hardson,ahardsonmt@wordpress.org
Evania,Neaverson,eneaversonmu@clickbank.net
Agnese,Bullion,abullionmv@hhs.gov
Janetta,Vaan,jvaanmw@livejournal.com
Bethanne,Cubbini,bcubbinimx@blogspot.com
Toddy,Jantel,tjantelmy@netscape.com
Roger,Kirmond,rkirmondmz@comsenz.com
Joana,Ekkel,jekkeln0@flickr.com
Brigit,McCaskill,bmccaskilln1@bravesites.com
Melonie,Zannotti,mzannottin2@go.com
Bev,Sloat,bsloatn3@sun.com
Michel,Cairney,mcairneyn4@walmart.com
Rog,Gewer,rgewern5@qq.com
Devlin,Cripps,dcrippsn6@salon.com
Eli,Switzer,eswitzern7@yelp.com
Erhard,Barbisch,ebarbischn8@salon.com
Delmore,Poyzer,dpoyzern9@microsoft.com
Garwood,Yea,gyeana@stumbleupon.com
Doro,Chomicki,dchomickinb@senate.gov
Millicent,Dieton,mdietonnc@boston.com
Murial,Aps,mapsnd@github.io
Mahala,Roney,mroneyne@deviantart.com
Ragnar,Resun,rresunnf@plala.or.jp
Brandise,Blackwell,bblackwellng@jigsy.com
Emmye,Gurden,egurdennh@sakura.ne.jp
Noel,Baudain,nbaudainni@java.com
Lovell,Connow,lconnownj@diigo.com
Wendall,Eversley,weversleynk@odnoklassniki.ru
Laney,Riply,lriplynl@samsung.com
Bucky,McNamee,bmcnameenm@parallels.com
Winifield,Barsam,wbarsamnn@xinhuanet.com
Phaedra,Begbie,pbegbieno@ucsd.edu
Drusilla,Harwell,dharwellnp@webeden.co.uk
Gerick,Bewicke,gbewickenq@wordpress.com
Cissiee,Oswal,coswalnr@addthis.com
Selinda,Traice,straicens@tiny.cc
Culver,Druitt,cdruittnt@xinhuanet.com
Nevil,Pagan,npagannu@smugmug.com
Billie,Kenna,bkennanv@elegantthemes.com
Ludwig,Burnyate,lburnyatenw@disqus.com
Griffie,Shaudfurth,gshaudfurthnx@yahoo.com
Cristobal,Fronks,cfronksny@wired.com
Bailey,Abad,babadnz@sogou.com
Joelle,Tipperton,jtippertono0@usda.gov
Hieronymus,Fairlaw,hfairlawo1@github.com
Renault,Geaves,rgeaveso2@blogspot.com
Alexandro,Orchart,aorcharto3@blogger.com
Dolley,Benkin,dbenkino4@epa.gov
Johna,Lamlin,jlamlino5@istockphoto.com
Ruddie,Kenshole,rkensholeo6@java.com
Denver,Piddock,dpiddocko7@posterous.com
D'arcy,Terren,dterreno8@phoca.cz
Nikolaos,Lotte,nlotteo9@quantcast.com
Alvan,Thowless,athowlessoa@dmoz.org
Field,Scrafton,fscraftonob@live.com
Fitz,MacKee,fmackeeoc@jiathis.com
Richmound,Domerc,rdomercod@auda.org.au
Maridel,Phippin,mphippinoe@ucla.edu
Joye,MacKereth,jmackerethof@loc.gov
Korrie,Stairmand,kstairmandog@mysql.com
Dav,Blacker,dblackeroh@smugmug.com
Hedda,Feavers,hfeaversoi@apple.com
Kingston,Danko,kdankooj@wikispaces.com
Iolanthe,McGeown,imcgeownok@plala.or.jp
Isabel,Basham,ibashamol@army.mil
Della,Emeney,demeneyom@sciencedaily.com
Darcy,Pomfrett,dpomfretton@imdb.com
Annelise,Walcher,awalcheroo@loc.gov
Boone,Rugg,bruggop@independent.co.uk
Artair,Gascoyen,agascoyenoq@reverbnation.com
Syd,Rootham,sroothamor@studiopress.com
Oralia,Rallin,orallinos@epa.gov
Darn,Chasles,dchaslesot@java.com
Roxana,Bowich,rbowichou@intel.com
Timmi,Bater,tbaterov@umich.edu
Kirsteni,Tapson,ktapsonow@shinystat.com
Felicia,Poser,fposerox@paginegialle.it
Eachelle,Gramer,egrameroy@sogou.com
Eran,Stanett,estanettoz@thetimes.co.uk
Leland,Challiss,lchallissp0@edublogs.org
Karisa,Abdy,kabdyp1@google.it
Lynea,Odell,lodellp2@exblog.jp
Peterus,Perrigo,pperrigop3@yale.edu
Fabiano,Brogiotti,fbrogiottip4@berkeley.edu
Juliet,Hendriks,jhendriksp5@google.ru
Ortensia,Iowarch,oiowarchp6@mlb.com
Avis,Simonyi,asimonyip7@ox.ac.uk
Caryl,Fleet,cfleetp8@jimdo.com
Katerina,Stormouth,kstormouthp9@symantec.com
Tabor,Izatt,tizattpa@washingtonpost.com
Kania,Marten,kmartenpb@va.gov
Deni,Marchbank,dmarchbankpc@tinypic.com
Cecily,Herreran,cherreranpd@uol.com.br
Elene,Ajsik,eajsikpe@behance.net
Ninon,Gavahan,ngavahanpf@si.edu
Frederick,Hulcoop,fhulcooppg@sfgate.com
Sutherlan,Comellini,scomelliniph@amazon.co.uk
Staci,Stang-Gjertsen,sstanggjertsenpi@parallels.com
Tymon,Moring,tmoringpj@xinhuanet.com
Boigie,Bantham,bbanthampk@earthlink.net
Mayer,Wilgar,mwilgarpl@independent.co.uk
Caralie,Sallis,csallispm@squidoo.com
Claresta,Ingerith,cingerithpn@hostgator.com
Jolyn,Boggon,jboggonpo@photobucket.com
Hy,Ginsie,hginsiepp@salon.com
Sharleen,Bottby,sbottbypq@businessweek.com
Jarvis,Lamey,jlameypr@constantcontact.com
Pet,Attoc,pattocps@flavors.me
Athena,Mancer,amancerpt@whitehouse.gov
Allie,Steven,astevenpu@booking.com
Korry,Jouaneton,kjouanetonpv@unc.edu
Philbert,Barnewille,pbarnewillepw@boston.com
Taylor,Edinburough,tedinburoughpx@mlb.com
Jany,Hurleston,jhurlestonpy@vimeo.com
Vale,Morgue,vmorguepz@geocities.com
Isaiah,Gurys,igurysq0@domainmarket.com
Twila,Lysaght,tlysaghtq1@digg.com
Coreen,Darte,cdarteq2@imgur.com
Jaynell,Lashbrook,jlashbrookq3@sphinn.com
Art,Tyrer,atyrerq4@slideshare.net
Lauretta,Ebdon,lebdonq5@whitehouse.gov
Raoul,Barrs,rbarrsq6@amazon.co.uk
Anna-diane,Marquess,amarquessq7@mac.com
Merry,Vivians,mviviansq8@nature.com
Blair,Ingreda,bingredaq9@spiegel.de
Jasmine,McPeice,jmcpeiceqa@devhub.com
Mattie,Caseley,mcaseleyqb@virginia.edu
Seka,Kinder,skinderqc@businessinsider.com
Nicola,Charrett,ncharrettqd@miibeian.gov.cn
Padraic,Burcombe,pburcombeqe@accuweather.com
Roberta,Kliemann,rkliemannqf@yellowpages.com
Albert,Domenichini,adomenichiniqg@godaddy.com
Sloane,Poon,spoonqh@usa.gov
Wye,Stoggell,wstoggellqi@census.gov
Katleen,Pinnock,kpinnockqj@artisteer.com
Rriocard,Soeiro,rsoeiroqk@discuz.net
Lloyd,Dilleston,ldillestonql@jugem.jp
Pearce,Southers,psouthersqm@msn.com
Rudyard,Simonson,rsimonsonqn@theatlantic.com
Casey,Renneke,crennekeqo@imageshack.us
Jackson,Silvermann,jsilvermannqp@wikipedia.org
Alvie,Dolby,adolbyqq@globo.com
Meaghan,Beeby,mbeebyqr@diigo.com
Constantia,Postlewhite,cpostlewhiteqs@hp.com
Sophi,Forsdicke,sforsdickeqt@wired.com
Mame,Rhule,mrhulequ@geocities.jp
Tobiah,Ongin,tonginqv@digg.com
Birdie,Sandison,bsandisonqw@npr.org
Seka,Louys,slouysqx@illinois.edu
Charo,De Clairmont,cdeclairmontqy@economist.com
Elnore,Vasler,evaslerqz@upenn.edu
Worden,Bonson,wbonsonr0@yolasite.com
Judith,McClaren,jmcclarenr1@independent.co.uk
Lexie,Speeding,lspeedingr2@ebay.com
Gerrie,Derwin,gderwinr3@umn.edu
Beatrice,McGahy,bmcgahyr4@europa.eu
Stavros,Mc-Kerley,smckerleyr5@bigcartel.com
Mathilde,Rottgers,mrottgersr6@reference.com
Tam,McBlain,tmcblainr7@geocities.jp
Irvine,Tilbury,itilburyr8@squarespace.com
Celka,Toxell,ctoxellr9@etsy.com
Jaclyn,Wolver,jwolverra@buzzfeed.com
Ophelie,McCloughen,omccloughenrb@odnoklassniki.ru
Papageno,Pudner,ppudnerrc@buzzfeed.com
Elsey,Bowgen,ebowgenrd@buzzfeed.com
Burty,Dobing,bdobingre@creativecommons.org
Lazaro,Dartnell,ldartnellrf@ca.gov
Gilemette,Brigdale,gbrigdalerg@slashdot.org
Kimbell,Gabala,kgabalarh@imageshack.us
Yvonne,Crowne,ycrowneri@github.com
Karilynn,Draisey,kdraiseyrj@meetup.com
Fulton,Maypole,fmaypolerk@prnewswire.com
Liva,Heales,lhealesrl@japanpost.jp
Oliver,Marlin,omarlinrm@goo.ne.jp
Marisa,Nowakowska,mnowakowskarn@scribd.com
Clevey,Berard,cberardro@forbes.com
Herrick,Retallack,hretallackrp@chronoengine.com
Stanislaus,Hourahan,shourahanrq@sourceforge.net
Tiffany,Mathie,tmathierr@myspace.com
